{"cameraMode":{"drawMode":0,"name":"Shaded","section":"Shading Mode"},"sceneLighting":true,"audioPlay":false,"sceneViewState":{"showFog":false,"showMaterialUpdate":false,"showSkybox":true,"showFlares":false,"showImageEffects":false,"showParticleSystems":false},"in2DMode":false,"pivot":{"x":4.63057804107666,"y":5.279887676239014,"z":4.945138931274414},"rotation":{"x":0.08164377510547638,"y":0.22959859669208527,"z":-0.019331786781549455,"w":0.9696626663208008},"size":5.503092288970947,"orthographic":false}