{"cameraMode":{"drawMode":0,"name":"Shaded","section":"Shading Mode"},"sceneLighting":true,"audioPlay":false,"sceneViewState":{"showFog":true,"showMaterialUpdate":false,"showSkybox":true,"showFlares":true,"showImageEffects":true,"showParticleSystems":true},"in2DMode":false,"pivot":{"x":21.580951690673829,"y":-9.318887710571289,"z":16.94939422607422},"rotation":{"x":-0.2375953644514084,"y":-0.3905855119228363,"z":0.10508015751838684,"w":-0.8831474781036377},"size":14.2210054397583,"orthographic":false}